{"cameraMode":{"drawMode":0,"name":"Shaded","section":"Shading Mode"},"sceneLighting":true,"audioPlay":false,"sceneViewState":{"showFog":true,"showMaterialUpdate":true,"showSkybox":true,"showFlares":true,"showImageEffects":true,"showParticleSystems":true},"in2DMode":false,"pivot":{"x":23.760000228881837,"y":16.700000762939454,"z":-130.8000030517578},"rotation":{"x":-0.060277003794908527,"y":-0.0014397406484931708,"z":0.0001422027125954628,"w":-0.9982297420501709},"size":231.4383544921875,"orthographic":false}