{"cameraMode":{"drawMode":0,"name":"Shaded","section":"Shading Mode"},"sceneLighting":true,"audioPlay":false,"sceneViewState":{"showFog":true,"showMaterialUpdate":true,"showSkybox":true,"showFlares":true,"showImageEffects":true,"showParticleSystems":true},"in2DMode":false,"pivot":{"x":3.3394980430603029,"y":0.29721951484680178,"z":-3.3204240798950197},"rotation":{"x":-0.13924540579319,"y":-0.039678025990724567,"z":0.0058621494099497799,"w":-0.9895263314247131},"size":6.084644317626953,"orthographic":false}