{"cameraMode":{"drawMode":0,"name":"Shaded","section":"Shading Mode"},"sceneLighting":true,"audioPlay":false,"sceneViewState":{"showFog":true,"showMaterialUpdate":true,"showSkybox":true,"showFlares":true,"showImageEffects":true,"showParticleSystems":true},"in2DMode":false,"pivot":{"x":99.56556701660156,"y":29.9665470123291,"z":-103.5799789428711},"rotation":{"x":-0.21394622325897218,"y":0.46621498465538027,"z":-0.11700055003166199,"w":-0.8504928946495056},"size":2.0123348236083986,"orthographic":false}