{"cameraMode":{"drawMode":0,"name":"Shaded","section":"Shading Mode"},"sceneLighting":false,"audioPlay":false,"sceneViewState":{"showFog":true,"showMaterialUpdate":true,"showSkybox":false,"showFlares":true,"showImageEffects":true,"showParticleSystems":true},"in2DMode":false,"pivot":{"x":99.38035583496094,"y":29.981454849243165,"z":-103.2740707397461},"rotation":{"x":-0.10305755585432053,"y":0.33760952949523928,"z":-0.03727567195892334,"w":-0.9349113702774048},"size":11.471238136291504,"orthographic":false}