{"cameraMode":{"drawMode":0,"name":"Shaded","section":"Shading Mode"},"sceneLighting":true,"audioPlay":false,"sceneViewState":{"showFog":true,"showMaterialUpdate":true,"showSkybox":true,"showFlares":true,"showImageEffects":true,"showParticleSystems":true},"in2DMode":false,"pivot":{"x":-0.013331830501556397,"y":-0.09512341022491455,"z":-0.400144100189209},"rotation":{"x":0.05551141873002052,"y":0.9436071515083313,"z":-0.20884011685848237,"w":0.2508186101913452},"size":1.9693610668182374,"orthographic":false}