{"cameraMode":{"drawMode":0,"name":"Shaded","section":"Shading Mode"},"sceneLighting":true,"audioPlay":false,"sceneViewState":{"showFog":true,"showMaterialUpdate":true,"showSkybox":true,"showFlares":true,"showImageEffects":true,"showParticleSystems":true},"in2DMode":false,"pivot":{"x":-1.3817613124847413,"y":0.0,"z":-3.552683115005493},"rotation":{"x":-0.06192157790064812,"y":-0.8721820712089539,"z":0.11481405049562454,"w":-0.47159844636917117},"size":7.588937282562256,"orthographic":false}