{"cameraMode":{"drawMode":2,"name":"Shaded Wireframe","section":"Shading Mode"},"sceneLighting":true,"audioPlay":false,"sceneViewState":{"showFog":true,"showMaterialUpdate":true,"showSkybox":true,"showFlares":true,"showImageEffects":true,"showParticleSystems":true},"in2DMode":false,"pivot":{"x":0.2872791588306427,"y":0.546650767326355,"z":-0.808936595916748},"rotation":{"x":0.029400723055005075,"y":0.9682199954986572,"z":-0.13773728907108308,"w":0.20667387545108796},"size":90.35047149658203,"orthographic":false}